id;name;created_by;created_date;updated_date;update_by
1;Table;31264;2022-02-17T09:23:56;2022-02-17T22:51:42;96124
2;Integration;82897;2022-02-18T02:32:51;2022-02-17T08:08:29;89081
3;HTTP Checking;90596;2022-02-17T06:39:09;2022-02-17T08:41:17;83846
4;Berkshire Planner enterprise;13053;2022-02-18T04:09:14;2022-02-18T00:05:34;84884
5;Soap Salad killer;19780;2022-02-18T04:34:03;2022-02-18T00:21:28;52690
6;Washington;94420;2022-02-17T19:38:39;2022-02-17T15:15:28;26839
7;Designer array;15061;2022-02-17T12:02:41;2022-02-17T23:56:52;44764
8;Loan Music;61498;2022-02-17T16:50:30;2022-02-17T23:24:39;33352
9;Account Front-line plug-and-play;23683;2022-02-17T05:30:32;2022-02-17T21:41:21;76773
10;Rubber;66292;2022-02-17T15:58:06;2022-02-17T07:24:25;92065
